"module","modSize","bkgrModSize","rank","enrichmentP","BonferoniP","nModGenesInTerm","fracOfBkgrModSize","fracOfBkgrTermSize","bkgrTermSize","termID","termOntology","termName","termDefinition"
"black",166,146,1,5.40543568783259e-05,1,15,0.102739726027397,0.161290322580645,93,"GO:0030546","MF","signaling receptor activator activity","The function of interacting (directly or indirectly) with receptors such that the proportion of receptors in the active form is increased."
"black",166,146,2,5.40543568783259e-05,1,15,0.102739726027397,0.161290322580645,93,"GO:0048018","MF","receptor ligand activity","The activity of a gene product that interacts with a receptor to effect a change in the activity of the receptor. Ligands may be produced by the same, or different, cell that expresses the receptor. Ligands may diffuse extracellularly from their point of origin to the receiving cell, or remain attached to an adjacent cell surface (e.g. Notch ligands)."
"black",166,146,3,0.000113899216418119,1,15,0.102739726027397,0.151515151515152,99,"GO:0030545","MF","signaling receptor regulator activity","Binds to and modulates the activity of a receptor."
"black",166,146,4,0.000659306651651321,1,5,0.0342465753424658,0.333333333333333,15,"GO:0051028","BP","mRNA transport","The directed movement of mRNA, messenger ribonucleic acid, into, out of or within a cell, or between cells, by means of some agent such as a transporter or pore."
"black",166,146,5,0.000687367056240908,1,4,0.0273972602739726,0.444444444444444,9,"GO:0015872","BP","dopamine transport","The directed movement of dopamine into, out of or within a cell, or between cells, by means of some agent such as a transporter or pore. Dopamine is a catecholamine neurotransmitter and a metabolic precursor of noradrenaline and adrenaline."
"black",166,146,6,0.00162092803461107,1,6,0.0410958904109589,0.230769230769231,26,"GO:0015837","BP","amine transport","The directed movement of amines, including polyamines, organic compounds containing one or more amino groups, into, out of or within a cell, or between cells, by means of some agent such as a transporter or pore."
"black",166,146,7,0.0021599649482545,1,5,0.0342465753424658,0.263157894736842,19,"GO:0050658","BP","RNA transport","The directed movement of RNA, ribonucleic acids, into, out of or within a cell, or between cells, by means of some agent such as a transporter or pore."
"black",166,146,8,0.00262011241359013,1,2,0.0136986301369863,1,2,"GO:0003223","BP","ventricular compact myocardium morphogenesis","The process in which the anatomical structures of the compact cardiac ventricle muscle are generated and organized."
"black",166,146,9,0.00262011241359013,1,2,0.0136986301369863,1,2,"GO:0043397","BP","regulation of corticotropin-releasing hormone secretion","Any process that modulates the frequency, rate or extent of corticotropin-releasing hormone secretion."
"black",166,146,10,0.00262011241359013,1,2,0.0136986301369863,1,2,"GO:0050907","BP","detection of chemical stimulus involved in sensory perception","The series of events in which a chemical stimulus is received and converted into a molecular signal as part of sensory perception."
"blue",428,425,1,1.63124878445307e-43,3.05451334888837e-39,153,0.36,0.425,360,"GO:0006955","BP","immune response","Any immune system process that functions in the calibrated response of an organism to a potential internal or invasive threat."
"blue",428,425,2,3.22550411514868e-43,6.0397564556159e-39,195,0.458823529411765,0.355191256830601,549,"GO:0002376","BP","immune system process","Any process involved in the development or functioning of the immune system, an organismal system for calibrated responses to potential internal or invasive threats."
"blue",428,425,3,9.07942498206886e-34,1.70012232789239e-29,136,0.32,0.395348837209302,344,"GO:0006952","BP","defense response","Reactions, triggered in response to the presence of a foreign body or the occurrence of an injury, which result in restriction of damage to the organism attacked or prevention/recovery from the infection caused by the attack."
"blue",428,425,4,1.38949256968135e-32,2.60182483672832e-28,124,0.291764705882353,0.411960132890365,301,"GO:0002682","BP","regulation of immune system process","Any process that modulates the frequency, rate, or extent of an immune system process."
"blue",428,425,5,1.54166898881559e-32,2.88677518155719e-28,105,0.247058823529412,0.462555066079295,227,"GO:0098542","BP","defense response to other organism","Reactions triggered in response to the presence of another organism that act to protect the cell or organism from damage caused by that organism."
"blue",428,425,6,4.85434931065912e-31,9.0897690842092e-27,124,0.291764705882353,0.4,310,"GO:0043207","BP","response to external biotic stimulus","Any process that results in a change in state or activity of a cell or an organism (in terms of movement, secretion, enzyme production, gene expression, etc.) as a result of an external biotic stimulus, an external stimulus caused by, or produced by living things."
"blue",428,425,7,4.85434931065912e-31,9.0897690842092e-27,124,0.291764705882353,0.4,310,"GO:0051707","BP","response to other organism","Any process that results in a change in state or activity of a cell or an organism (in terms of movement, secretion, enzyme production, gene expression, etc.) as a result of a stimulus from another living organism."
"blue",428,425,8,1.05005399303953e-27,1.96622610196651e-23,91,0.214117647058824,0.45959595959596,198,"GO:0002684","BP","positive regulation of immune system process","Any process that activates or increases the frequency, rate, or extent of an immune system process."
"blue",428,425,9,2.36651560759289e-27,4.43130047521769e-23,101,0.237647058823529,0.42436974789916,238,"GO:0001775","BP","cell activation","A change in the morphology or behavior of a cell resulting from exposure to an activating factor such as a cellular or soluble ligand."
"blue",428,425,10,2.81194829677315e-27,5.26537318570773e-23,83,0.195294117647059,0.485380116959064,171,"GO:0045087","BP","innate immune response","Innate immune responses are defense responses mediated by germline encoded components that directly recognize components of potential pathogens."
"brown",396,386,1,2.65272028044558e-22,4.96721872513436e-18,49,0.126943005181347,0.576470588235294,85,"GO:0031012","CC","extracellular matrix","A structure lying external to one or more cells, which provides structural support, biochemical or biomechanical cues for cells or tissues."
"brown",396,386,2,4.25328343968435e-18,7.96427324080894e-14,31,0.0803108808290155,0.704545454545455,44,"GO:0005201","MF","extracellular matrix structural constituent","The action of a molecule that contributes to the structural integrity of the extracellular matrix."
"brown",396,386,3,1.02256516385302e-17,1.91475326931479e-13,36,0.0932642487046632,0.610169491525424,59,"GO:0062023","CC","collagen-containing extracellular matrix","An extracellular matrix consisting mainly of proteins (especially collagen) and glycosaminoglycans (mostly as proteoglycans) that provides not only essential physical scaffolding for the cellular constituents but can also initiate crucial biochemical and biomechanical cues required for tissue morphogenesis, differentiation and homeostasis. The components are secreted by cells in the vicinity and form a sheet underlying or overlying cells such as endothelial and epithelial cells."
"brown",396,386,4,5.72361228343178e-17,1.0717464000726e-12,123,0.318652849740933,0.26797385620915,459,"GO:0005576","CC","extracellular region","The space external to the outermost structure of a cell. For cells without external protective or external encapsulating structures this refers to space outside of the plasma membrane. This term covers the host cell environment outside an intracellular parasite."
"brown",396,386,5,4.23225141210612e-14,7.92489076916871e-10,35,0.0906735751295337,0.514705882352941,68,"GO:0030198","BP","extracellular matrix organization","A process that is carried out at the cellular level which results in the assembly, arrangement of constituent parts, or disassembly of an extracellular matrix."
"brown",396,386,6,1.65953875596169e-13,3.10748632053826e-09,63,0.163212435233161,0.338709677419355,186,"GO:0001944","BP","vasculature development","The process whose specific outcome is the progression of the vasculature over time, from its formation to the mature structure. The vasculature is an interconnected tubular multi-tissue structure that contains fluid that is actively transported around the organism."
"brown",396,386,7,3.14194593842115e-13,5.88329376969361e-09,61,0.158031088082902,0.340782122905028,179,"GO:0001568","BP","blood vessel development","The process whose specific outcome is the progression of a blood vessel over time, from its formation to the mature structure. The blood vessel is the vasculature carrying blood."
"brown",396,386,8,1.22071376728316e-12,2.28578652923771e-08,95,0.246113989637306,0.266106442577031,357,"GO:0005615","CC","extracellular space","That part of a multicellular organism outside the cells proper, usually taken to be outside the plasma membranes, and occupied by fluid."
"brown",396,386,9,2.41468890177869e-12,4.5215049685806e-08,191,0.494818652849741,0.20020964360587,954,"GO:0071944","CC","cell periphery","The part of a cell encompassing the cell cortex, the plasma membrane, and any external encapsulating structures."
"brown",396,386,10,6.74987549414024e-12,1.26391418627776e-07,53,0.137305699481865,0.34640522875817,153,"GO:0048514","BP","blood vessel morphogenesis","The process in which the anatomical structures of blood vessels are generated and organized. The blood vessel is the vasculature carrying blood."
"cyan",63,60,1,0.000409484815221054,1,16,0.266666666666667,0.0521172638436482,307,"GO:0033554","BP","cellular response to stress","Any process that results in a change in state or activity of a cell (in terms of movement, secretion, enzyme production, gene expression, etc.) as a result of a stimulus indicating the organism is under stress. The stress is usually, but not necessarily, exogenous (e.g. temperature, humidity, ionizing radiation)."
"cyan",63,60,2,0.000438129331323054,1,2,0.0333333333333333,1,2,"GO:0097682","MF","intracellular phosphatidylinositol-3,5-bisphosphate-sensitive cation channel activity","Enables the transmembrane transfer of cations by a channel that opens when phosphatidylinositol-3,5-bisphosphate has been bound by the channel complex or one of its constituent parts."
"cyan",63,60,3,0.000548485833975018,1,4,0.0666666666666667,0.210526315789474,19,"GO:0032838","CC","plasma membrane bounded cell projection cytoplasm","All of the contents of a plasma membrane bounded cell projection, excluding the plasma membrane surrounding the projection."
"cyan",63,60,4,0.000568264147676558,1,8,0.133333333333333,0.0869565217391304,92,"GO:0001701","BP","in utero embryonic development","The process whose specific outcome is the progression of the embryo in the uterus over time, from formation of the zygote in the oviduct, to birth. An example of this process is found in Mus musculus."
"cyan",63,60,5,0.000706142421198193,1,8,0.133333333333333,0.0842105263157895,95,"GO:0006396","BP","RNA processing","Any process involved in the conversion of one or more primary RNA transcripts into one or more mature RNA molecules."
"cyan",63,60,6,0.00072797887494855,1,6,0.1,0.113207547169811,53,"GO:0031668","BP","cellular response to extracellular stimulus","Any process that results in a change in state or activity of a cell (in terms of movement, secretion, enzyme production, gene expression, etc.) as a result of an extracellular stimulus."
"cyan",63,60,7,0.00129649886956456,1,2,0.0333333333333333,0.666666666666667,3,"GO:0072345","MF","NAADP-sensitive calcium-release channel activity","Enables the transmembrane transfer of a calcium ion by a channel that opens when nicotinic acid adenine dinucleotide phosphate (NAADP) has been bound by the channel complex or one of its constituent parts."
"cyan",63,60,8,0.0016526735823264,1,5,0.0833333333333333,0.119047619047619,42,"GO:0016236","BP","macroautophagy","The major inducible pathway for the general turnover of cytoplasmic constituents in eukaryotic cells, it is also responsible for the degradation of active cytoplasmic enzymes and organelles during nutrient starvation. Macroautophagy involves the formation of double-membrane-bounded autophagosomes which enclose the cytoplasmic constituent targeted for degradation in a membrane-bounded structure.  Autophagosomes then fuse with a lysosome (or vacuole) releasing single-membrane-bounded autophagic bodies that are then degraded within the lysosome (or vacuole). Some types of macroautophagy, e.g. pexophagy, mitophagy, involve selective targeting of the targets to be degraded."
"cyan",63,60,9,0.00166865790458557,1,9,0.15,0.0671641791044776,134,"GO:0043009","BP","chordate embryonic development","The process whose specific outcome is the progression of the embryo over time, from zygote formation through a stage including a notochord and neural tube until birth or egg hatching."
"cyan",63,60,10,0.00205156447942877,1,9,0.15,0.0652173913043478,138,"GO:0009792","BP","embryo development ending in birth or egg hatching","The process whose specific outcome is the progression of an embryo over time, from zygote formation until the end of the embryonic life stage. The end of the embryonic life stage is organism-specific and may be somewhat arbitrary; for mammals it is usually considered to be birth, for insects the hatching of the first instar larva from the eggshell."
"green",272,254,1,5.30949319235872e-12,9.9420260026917e-08,145,0.570866141732283,0.138358778625954,1048,"GO:0005634","CC","nucleus","A membrane-bounded organelle of eukaryotic cells in which chromosomes are housed and replicated. In most cells, the nucleus contains all of the cell's chromosomes except the organellar chromosomes, and is the site of RNA synthesis and processing. In some species, or in specialized cell types, RNA metabolism or DNA replication may be absent."
"green",272,254,2,1.5353383346002e-08,0.000287492103153887,85,0.334645669291339,0.154545454545455,550,"GO:0016070","BP","RNA metabolic process","The cellular chemical reactions and pathways involving RNA, ribonucleic acid, one of the two main type of nucleic acid, consisting of a long, unbranched macromolecule formed from ribonucleotides joined in 3',5'-phosphodiester linkage."
"green",272,254,3,2.06051976065251e-08,0.000385832325182182,89,0.350393700787402,0.150847457627119,590,"GO:0031981","CC","nuclear lumen","The volume enclosed by the nuclear inner membrane."
"green",272,254,4,3.63223392266231e-08,0.000680135802018518,82,0.322834645669291,0.154135338345865,532,"GO:0005654","CC","nucleoplasm","That part of the nuclear content other than the chromosomes or the nucleolus."
"green",272,254,5,3.75391088724098e-08,0.000702919813635874,69,0.271653543307087,0.165467625899281,417,"GO:0003676","MF","nucleic acid binding","Binding to a nucleic acid."
"green",272,254,6,1.78078929548723e-07,0.00333452795579983,100,0.393700787401575,0.13869625520111,721,"GO:0006139","BP","nucleobase-containing compound metabolic process","Any cellular metabolic process involving nucleobases, nucleosides, nucleotides and nucleic acids."
"green",272,254,7,4.43630748570475e-07,0.00830698576698215,47,0.18503937007874,0.18359375,256,"GO:0009890","BP","negative regulation of biosynthetic process","Any process that stops, prevents, or reduces the rate of the chemical reactions and pathways resulting in the formation of substances."
"green",272,254,8,6.26136255483699e-07,0.0117244013839323,16,0.062992125984252,0.355555555555556,45,"GO:0003729","MF","mRNA binding","Binding to messenger RNA (mRNA), an intermediate molecule between DNA and protein. mRNA includes UTR and coding sequences, but does not contain introns."
"green",272,254,9,8.16149143751792e-07,0.0152823927167523,22,0.0866141732283465,0.275,80,"GO:1990904","CC","ribonucleoprotein complex",NA
"green",272,254,10,8.8681134024887e-07,0.0166055423461601,100,0.393700787401575,0.134589502018843,743,"GO:0046483","BP","heterocycle metabolic process","The chemical reactions and pathways involving heterocyclic compounds, those with a cyclic molecular structure and at least two different atoms in the ring (or rings)."
"greenyellow",93,87,1,4.90214118772049e-29,9.17925937400662e-25,29,0.333333333333333,0.453125,64,"GO:0030016","CC","myofibril","The contractile element of skeletal and cardiac muscle; a long, highly organized bundle of actin, myosin, and other proteins that contracts by a sliding filament mechanism."
"greenyellow",93,87,2,1.51584610879535e-28,2.8384218387193e-24,29,0.333333333333333,0.439393939393939,66,"GO:0043292","CC","contractile fiber","Fibers, composed of actin, myosin, and associated proteins, found in cells of smooth or striated muscle."
"greenyellow",93,87,3,2.61027478714548e-26,4.88773953892991e-22,26,0.298850574712644,0.464285714285714,56,"GO:0030017","CC","sarcomere","The repeating unit of a myofibril in a muscle cell, composed of an array of overlapping thick and thin filaments between two adjacent Z discs."
"greenyellow",93,87,4,8.60288115398225e-19,1.61088949608318e-14,34,0.390804597701149,0.176165803108808,193,"GO:0099512","CC","supramolecular fiber","A polymer consisting of an indefinite number of protein or protein complex subunits that have polymerised to form a fiber-shaped structure."
"greenyellow",93,87,5,6.23264612733515e-17,1.16706298734351e-12,17,0.195402298850575,0.447368421052632,38,"GO:0031674","CC","I band","A region of a sarcomere that appears as a light band on each side of the Z disc, comprising a region of the sarcomere where thin (actin) filaments are not overlapped by thick (myosin) filaments; contains actin, troponin, and tropomyosin; each sarcomere includes half of an I band at each end."
"greenyellow",93,87,6,4.34699060067956e-16,8.13973989977247e-12,35,0.402298850574713,0.140562248995984,249,"GO:0099080","CC","supramolecular complex","A cellular component that consists of an indeterminate number of proteins or macromolecular complexes, organized into a regular, higher-order structure such as a polymer, sheet, network or a fiber."
"greenyellow",93,87,7,5.32738822371502e-15,9.97553444890637e-11,18,0.206896551724138,0.327272727272727,55,"GO:0055001","BP","muscle cell development","The process whose specific outcome is the progression of a muscle cell over time, from its formation to the mature structure. Muscle cell development does not include the steps involved in committing an unspecified cell to the muscle cell fate."
"greenyellow",93,87,8,2.91571115652628e-14,5.45966914059546e-10,26,0.298850574712644,0.17687074829932,147,"GO:0061061","BP","muscle structure development","The progression of a muscle structure over time, from its formation to its mature state. Muscle structures are contractile cells, tissues or organs that are found in multicellular organisms."
"greenyellow",93,87,9,4.18641036883178e-13,7.8390534156375e-09,20,0.229885057471264,0.224719101123595,89,"GO:0003012","BP","muscle system process","A organ system process carried out at the level of a muscle. Muscle tissue is composed of contractile cells or fibers."
"greenyellow",93,87,10,6.26408222181105e-13,1.17294939603412e-08,12,0.137931034482759,0.5,24,"GO:0030239","BP","myofibril assembly","Formation of myofibrils, the repeating units of striated muscle."
"grey",81,74,1,9.12404189513381e-05,1,5,0.0675675675675676,0.263157894736842,19,"GO:0060285","BP","cilium-dependent cell motility","Cell motility due to the motion of one or more eukaryotic cilia. A eukaryotic cilium is a specialized organelle that consists of a filiform extrusion of the cell surface. Each cilium is bounded by an extrusion of the cytoplasmic (plasma) membrane, and contains a regular longitudinal array of microtubules, anchored basally in a centriole."
"grey",81,74,2,9.12404189513381e-05,1,5,0.0675675675675676,0.263157894736842,19,"GO:0060294","BP","cilium movement involved in cell motility","Movement of cilia mediated by motor proteins that contributes to the movement of a cell."
"grey",81,74,3,0.000153294861612491,1,5,0.0675675675675676,0.238095238095238,21,"GO:0003341","BP","cilium movement","The directed, self-propelled movement of a cilium."
"grey",81,74,4,0.000178845739259276,1,4,0.0540540540540541,0.333333333333333,12,"GO:0050832","BP","defense response to fungus","Reactions triggered in response to the presence of a fungus that act to protect the cell or organism."
"grey",81,74,5,0.000668580408985068,1,2,0.027027027027027,1,2,"GO:0070488","BP","neutrophil aggregation","The adhesion of one neutrophil to one or more other neutrophils via adhesion molecules."
"grey",81,74,6,0.000668580408985068,1,2,0.027027027027027,1,2,"GO:0035662","MF","Toll-like receptor 4 binding","Binding to a Toll-like 4 protein, a pattern recognition receptor that binds bacterial lipopolysaccharide (LPS) to initiate an innate immune response."
"grey",81,74,7,0.000778820982698916,1,4,0.0540540540540541,0.235294117647059,17,"GO:0009620","BP","response to fungus","Any process that results in a change in state or activity of a cell or an organism (in terms of movement, secretion, enzyme production, gene expression, etc.) as a result of a stimulus from a fungus."
"grey",81,74,8,0.000778820982698916,1,4,0.0540540540540541,0.235294117647059,17,"GO:0030317","BP","flagellated sperm motility","The directed, self-propelled movement of a cilium (aka flagellum) that contributes to the movement of a flagellated sperm."
"grey",81,74,9,0.000778820982698916,1,4,0.0540540540540541,0.235294117647059,17,"GO:0097722","BP","sperm motility","Any process involved in the controlled movement of a sperm cell."
"grey",81,74,10,0.00127085818786399,1,3,0.0405405405405405,0.333333333333333,9,"GO:0043195","CC","terminal bouton","Terminal inflated portion of the axon, containing the specialized apparatus necessary to release neurotransmitters. The axon terminus is considered to be the whole region of thickening and the terminal bouton is a specialized region of it."
"grey60",42,35,1,0.000870056343100736,1,2,0.0571428571428571,0.5,4,"GO:0099612","BP","protein localization to axon","A process in which a protein is transported to or maintained in a location within an axon."
"grey60",42,35,2,0.00297514933292848,1,2,0.0571428571428571,0.285714285714286,7,"GO:0021695","BP","cerebellar cortex development","The process whose specific outcome is the progression of the cerebellar cortex over time, from its formation to the mature structure. The cerebellar cortex is a thin mantle of gray matter that covers the surface of each cerebral hemisphere. It has a characteristic morphology with convolutions (gyri) and crevices (sulci) that have specific functions. Six layers of nerve cells and the nerve pathways that connect them comprise the cerebellar cortex. Together, these regions are responsible for the processes of conscious thought, perception, emotion and memory as well as advanced motor function."
"grey60",42,35,3,0.0089957650807377,1,2,0.0571428571428571,0.166666666666667,12,"GO:0021549","BP","cerebellum development","The process whose specific outcome is the progression of the cerebellum over time, from its formation to the mature structure. The cerebellum is the portion of the brain in the back of the head between the cerebrum and the pons. In mice, the cerebellum controls balance for walking and standing, modulates the force and range of movement and is involved in the learning of motor skills."
"grey60",42,35,4,0.0089957650807377,1,2,0.0571428571428571,0.166666666666667,12,"GO:2001222","BP","regulation of neuron migration",NA
"grey60",42,35,5,0.0105496283025861,1,2,0.0571428571428571,0.153846153846154,13,"GO:0022037","BP","metencephalon development","The process whose specific outcome is the progression of the metencephalon over time, from its formation to the mature structure."
"grey60",42,35,6,0.0123109391487863,1,1,0.0285714285714286,1,1,"GO:0007161","BP","calcium-independent cell-matrix adhesion","The binding of a cell to the extracellular matrix via adhesion molecules that do not require the presence of calcium for the interaction."
"grey60",42,35,7,0.0123109391487863,1,1,0.0285714285714286,1,1,"GO:0021869","BP","forebrain ventricular zone progenitor cell division","The mitotic division of a basal progenitor giving rise to two neurons."
"grey60",42,35,8,0.0123109391487863,1,1,0.0285714285714286,1,1,"GO:0034497","BP","protein localization to phagophore assembly site","Any process in which a protein is transported to, or maintained at, the phagophore assembly site (PAS)."
"grey60",42,35,9,0.0123109391487863,1,1,0.0285714285714286,1,1,"GO:0042297","BP","vocal learning","A behavioral process whose outcome is a relatively long-lasting behavioral change whereby an organism modifies innate vocalizations to imitate sounds produced by others."
"grey60",42,35,10,0.0123109391487863,1,1,0.0285714285714286,1,1,"GO:0044804","BP","autophagy of nucleus","A form of autophagy, by which damaged or non-essential parts of the nucleus, or even an entire nucleus is degraded."
"lightcyan",43,41,1,2.75583899354967e-05,0.516030851542176,8,0.195121951219512,0.0898876404494382,89,"GO:1905114","BP","cell surface receptor signaling pathway involved in cell-cell signaling",NA
"lightcyan",43,41,2,5.98407174974338e-05,1,4,0.0975609756097561,0.25,16,"GO:0008013","MF","beta-catenin binding","Binding to a catenin beta subunit."
"lightcyan",43,41,3,0.000559886698154406,1,3,0.0731707317073171,0.25,12,"GO:0046928","BP","regulation of neurotransmitter secretion","Any process that modulates the frequency, rate or extent of the regulated release of a neurotransmitter from a cell."
"lightcyan",43,41,4,0.000603352803377306,1,2,0.0487804878048781,0.666666666666667,3,"GO:0016577","BP","histone demethylation","The modification of histones by removal of methyl groups."
"lightcyan",43,41,5,0.000603352803377306,1,2,0.0487804878048781,0.666666666666667,3,"GO:0070076","BP","histone lysine demethylation","The modification of a histone by the removal of a methyl group from a lysine residue."
"lightcyan",43,41,6,0.000603352803377306,1,2,0.0487804878048781,0.666666666666667,3,"GO:0045295","MF","gamma-catenin binding","Binding to catenin complex gamma subunit."
"lightcyan",43,41,7,0.000786918193859215,1,6,0.146341463414634,0.0759493670886076,79,"GO:0016055","BP","Wnt signaling pathway","The series of molecular signals initiated by binding of a Wnt protein to a frizzled family receptor on the surface of the target cell and ending with a change in cell state."
"lightcyan",43,41,8,0.000841686404244989,1,6,0.146341463414634,0.075,80,"GO:0198738","BP","cell-cell signaling by wnt",NA
"lightcyan",43,41,9,0.00119567203745181,1,2,0.0487804878048781,0.5,4,"GO:0006482","BP","protein demethylation","The removal of a methyl group, from a protein amino acid. A methyl group is derived from methane by the removal of a hydrogen atom."
"lightcyan",43,41,10,0.00119567203745181,1,2,0.0487804878048781,0.5,4,"GO:0008227","MF","G protein-coupled amine receptor activity","Combining with an extracellular amine and transmitting the signal across the membrane by activating an associated G-protein; promotes the exchange of GDP for GTP on the alpha subunit of a heterotrimeric G-protein complex."
"lightgreen",29,25,1,0.000221575259464949,1,2,0.08,0.666666666666667,3,"GO:0061101","BP","neuroendocrine cell differentiation","The process in which a relatively unspecialized cell acquires specialized structural and/or functional features of a neuroendocrine cell. A neuroendocrine cell is a cell that receives input form a neuron which controls the secretion of an endocrine substance."
"lightgreen",29,25,2,0.000221575259464949,1,2,0.08,0.666666666666667,3,"GO:0061549","BP","sympathetic ganglion development","The process whose specific outcome is the progression of a sympathetic ganglion over time, from its formation to the mature structure."
"lightgreen",29,25,3,0.000312118794105577,1,3,0.12,0.1875,16,"GO:0042472","BP","inner ear morphogenesis","The process in which the anatomical structures of the inner ear are generated and organized. The inner ear is the structure in vertebrates that contains the organs of balance and hearing. It consists of soft hollow sensory structures (the membranous labyrinth) containing fluid (endolymph) surrounded by fluid (perilymph) and encased in a bony cavity (the bony labyrinth). It consists of two chambers, the sacculus and utriculus, from which arise the cochlea and semicircular canals respectively."
"lightgreen",29,25,4,0.000440759756828423,1,2,0.08,0.5,4,"GO:0048485","BP","sympathetic nervous system development","The process whose specific outcome is the progression of the sympathetic nervous system over time, from its formation to the mature structure. The sympathetic nervous system is one of the two divisions of the vertebrate autonomic nervous system (the other being the parasympathetic nervous system). The sympathetic preganglionic neurons have their cell bodies in the thoracic and lumbar regions of the spinal cord and connect to the paravertebral chain of sympathetic ganglia. Innervate heart and blood vessels, sweat glands, viscera and the adrenal medulla. Most sympathetic neurons, but not all, use noradrenaline as a post-ganglionic neurotransmitter."
"lightgreen",29,25,5,0.000440759756828423,1,2,0.08,0.5,4,"GO:0061548","BP","ganglion development","The process whose specific outcome is the progression of a ganglion over time, from its formation to the mature structure."
"lightgreen",29,25,6,0.000449540438908016,1,3,0.12,0.166666666666667,18,"GO:0042471","BP","ear morphogenesis","The process in which the anatomical structures of the ear are generated and organized. The ear is the sense organ in vertebrates that is specialized for the detection of sound, and the maintenance of balance. Includes the outer ear and middle ear, which collect and transmit sound waves; and the inner ear, which contains the organs of balance and (except in fish) hearing. Also includes the pinna, the visible part of the outer ear, present in some mammals."
"lightgreen",29,25,7,0.00106528512680633,1,7,0.28,0.0358974358974359,195,"GO:0009887","BP","animal organ morphogenesis","Morphogenesis of an animal organ. An organ is defined as a tissue or set of tissues that work together to perform a specific function or functions. Morphogenesis is the process in which anatomical structures are generated and organized. Organs are commonly observed as visibly distinct structures, but may also exist as loosely associated clusters of cells that work together to perform a specific function or functions."
"lightgreen",29,25,8,0.00109004953973504,1,2,0.08,0.333333333333333,6,"GO:0060563","BP","neuroepithelial cell differentiation","The process in which epiblast cells acquire specialized features of neuroepithelial cells."
"lightgreen",29,25,9,0.00111624059585661,1,5,0.2,0.0531914893617021,94,"GO:0007423","BP","sensory organ development","The process whose specific outcome is the progression of sensory organs over time, from its formation to the mature structure."
"lightgreen",29,25,10,0.00183909786275031,1,5,0.2,0.0476190476190476,105,"GO:0048598","BP","embryonic morphogenesis","The process in which anatomical structures are generated and organized during the embryonic phase. The embryonic phase begins with zygote formation. The end of the embryonic phase is organism-specific. For example, it would be at birth for mammals, larval hatching for insects and seed dormancy in plants."
"magenta",113,111,1,5.53231332649188e-21,1.03592567038561e-16,60,0.540540540540541,0.130718954248366,459,"GO:0005576","CC","extracellular region","The space external to the outermost structure of a cell. For cells without external protective or external encapsulating structures this refers to space outside of the plasma membrane. This term covers the host cell environment outside an intracellular parasite."
"magenta",113,111,2,5.66891758593631e-19,1.06150481796657e-14,51,0.459459459459459,0.142857142857143,357,"GO:0005615","CC","extracellular space","That part of a multicellular organism outside the cells proper, usually taken to be outside the plasma membranes, and occupied by fluid."
"magenta",113,111,3,1.32155087614356e-12,2.47460401557882e-08,15,0.135135135135135,0.405405405405405,37,"GO:0004252","MF","serine-type endopeptidase activity","Catalysis of the hydrolysis of internal, alpha-peptide bonds in a polypeptide chain by a catalytic mechanism that involves a catalytic triad consisting of a serine nucleophile that is activated by a proton relay involving an acidic residue (e.g. aspartate or glutamate) and a basic residue (usually histidine)."
"magenta",113,111,4,5.14967954107529e-12,9.64277494066349e-08,15,0.135135135135135,0.375,40,"GO:0008236","MF","serine-type peptidase activity","Catalysis of the hydrolysis of peptide bonds in a polypeptide chain by a catalytic mechanism that involves a catalytic triad consisting of a serine nucleophile that is activated by a proton relay involving an acidic residue (e.g. aspartate or glutamate) and a basic residue (usually histidine)."
"magenta",113,111,5,7.86093703020481e-12,1.47196045890585e-07,15,0.135135135135135,0.365853658536585,41,"GO:0017171","MF","serine hydrolase activity","Catalysis of the hydrolysis of a substrate by a catalytic mechanism that involves a catalytic triad consisting of a serine nucleophile that is activated by a proton relay involving an acidic residue (e.g. aspartate or glutamate) and a basic residue (usually histidine)."
"magenta",113,111,6,4.07020828831114e-11,7.62146501986261e-07,22,0.198198198198198,0.203703703703704,108,"GO:0008233","MF","peptidase activity","Catalysis of the hydrolysis of a peptide bond. A peptide bond is a covalent bond formed when the carbon atom from the carboxyl group of one amino acid shares electrons with the nitrogen atom from the amino group of a second amino acid."
"magenta",113,111,7,2.31292949438793e-10,4.3309604782414e-06,20,0.18018018018018,0.208333333333333,96,"GO:0030141","CC","secretory granule","A small subcellular vesicle, surrounded by a membrane, that is formed from the Golgi apparatus and contains a highly concentrated protein destined for secretion. Secretory granules move towards the periphery of the cell and upon stimulation, their membranes fuse with the cell membrane, and their protein load is exteriorized. Processing of the contained protein may take place in secretory granules."
"magenta",113,111,8,1.88555871217234e-09,3.53070868854271e-05,17,0.153153153153153,0.223684210526316,76,"GO:0004175","MF","endopeptidase activity","Catalysis of the hydrolysis of internal, alpha-peptide bonds in a polypeptide chain."
"magenta",113,111,9,3.94467653141643e-09,7.38640680507726e-05,12,0.108108108108108,0.333333333333333,36,"GO:0007586","BP","digestion","The whole of the physical, chemical, and biochemical processes carried out by multicellular organisms to break down ingested nutrients into components that may be easily absorbed and directed into metabolism."
"magenta",113,111,10,2.27878409405654e-08,0.000426702321612087,20,0.18018018018018,0.16260162601626,123,"GO:0099503","CC","secretory vesicle","A cytoplasmic, membrane bound vesicle that is capable of fusing to the plasma membrane to release its contents into the extracellular space."
"midnightblue",41,37,1,2.99491518884247e-05,0.560797869110753,4,0.108108108108108,0.266666666666667,15,"GO:0002039","MF","p53 binding","Binding to one of the p53 family of proteins."
"midnightblue",41,37,2,0.000164855443311386,1,2,0.0540540540540541,1,2,"GO:0002840","BP","regulation of T cell mediated immune response to tumor cell","Any process that modulates the frequency, rate, or extent of a T cell mediated immune response to tumor cell."
"midnightblue",41,37,3,0.000264106244906722,1,7,0.189189189189189,0.0686274509803922,102,"GO:1990234","CC","transferase complex",NA
"midnightblue",41,37,4,0.000972957970016428,1,2,0.0540540540540541,0.5,4,"GO:0098761","BP","cellular response to interleukin-7","Any process that results in a change in state or activity of a cell (in terms of movement, secretion, enzyme production, gene expression, etc.) as a result of an interleukin-7 stimulus."
"midnightblue",41,37,5,0.00160829893477924,1,2,0.0540540540540541,0.4,5,"GO:0002418","BP","immune response to tumor cell","An immune system process that functions in the response of an organism to a tumor cell."
"midnightblue",41,37,6,0.00160829893477924,1,2,0.0540540540540541,0.4,5,"GO:0032341","BP","aldosterone metabolic process","The chemical reactions and pathways involving aldosterone, a corticosteroid hormone that is produced by the zona glomerulosa of the adrenal cortex and regulates salt (sodium and potassium) and water balance."
"midnightblue",41,37,7,0.00239268086053248,1,2,0.0540540540540541,0.333333333333333,6,"GO:0008212","BP","mineralocorticoid metabolic process","The chemical reactions and pathways involving mineralocorticoids, hormonal C21 corticosteroids synthesized from cholesterol. Mineralocorticoids act primarily on water and electrolyte balance."
"midnightblue",41,37,8,0.00332232689054754,1,2,0.0540540540540541,0.285714285714286,7,"GO:0033273","BP","response to vitamin","Any process that results in a change in state or activity of a cell or an organism (in terms of movement, secretion, enzyme production, gene expression, etc.) as a result of a vitamin stimulus."
"midnightblue",41,37,9,0.00429936999300389,1,6,0.162162162162162,0.0491803278688525,122,"GO:0005789","CC","endoplasmic reticulum membrane","The lipid bilayer surrounding the endoplasmic reticulum."
"midnightblue",41,37,10,0.00439352868359556,1,2,0.0540540540540541,0.25,8,"GO:0071806","BP","protein transmembrane transport","The process in which a protein is transported across a membrane."
"pink",106,94,1,2.10440892273994e-07,0.00394050570783054,6,0.0638297872340425,0.6,10,"GO:0015934","CC","large ribosomal subunit","The larger of the two subunits of a ribosome. Two sites on the ribosomal large subunit are involved in translation, namely the aminoacyl site (A site) and peptidyl site (P site)."
"pink",106,94,2,4.03392530092749e-06,0.0755352512598672,5,0.0531914893617021,0.555555555555556,9,"GO:0005746","CC","mitochondrial respirasome","The protein complexes that form the mitochondrial electron transport system (the respiratory chain), associated with the inner mitochondrial membrane. The respiratory chain complexes transfer electrons from an electron donor to an electron acceptor and are associated with a proton pump to create a transmembrane electrochemical gradient."
"pink",106,94,3,4.03392530092749e-06,0.0755352512598672,5,0.0531914893617021,0.555555555555556,9,"GO:0022625","CC","cytosolic large ribosomal subunit","The large subunit of a ribosome located in the cytosol."
"pink",106,94,4,5.49415898848009e-06,0.10287812705929,7,0.074468085106383,0.304347826086957,23,"GO:0005840","CC","ribosome","An intracellular organelle, about 200 A in diameter, consisting of RNA and protein. It is the site of protein biosynthesis resulting from translation of messenger RNA (mRNA). It consists of two subunits, one large and one small, each containing only protein and RNA. Both the ribosome and its subunits are characterized by their sedimentation coefficients, expressed in Svedberg units (symbol: S). Hence, the prokaryotic ribosome (70S) comprises a large (50S) subunit and a small (30S) subunit, while the eukaryotic ribosome (80S) comprises a large (60S) subunit and a small (40S) subunit. Two sites on the ribosomal large subunit are involved in translation, namely the aminoacyl site (A site) and peptidyl site (P site). Ribosomes from prokaryotes, eukaryotes, mitochondria, and chloroplasts have characteristically distinct ribosomal proteins."
"pink",106,94,5,6.82877457824452e-06,0.127868803977629,6,0.0638297872340425,0.375,16,"GO:0003735","MF","structural constituent of ribosome","The action of a molecule that contributes to the structural integrity of the ribosome."
"pink",106,94,6,7.85740970958097e-06,0.147129996811904,5,0.0531914893617021,0.5,10,"GO:0070469","CC","respirasome","The protein complexes that form the electron transport system (the respiratory chain), associated with a cell membrane, usually the plasma membrane (in prokaryotes) or the inner mitochondrial membrane (on eukaryotes). The respiratory chain complexes transfer electrons from an electron donor to an electron acceptor and are associated with a proton pump to create a transmembrane electrochemical gradient."
"pink",106,94,7,7.93757608886966e-06,0.148631112264084,12,0.127659574468085,0.15,80,"GO:1990904","CC","ribonucleoprotein complex",NA
"pink",106,94,8,1.50021594615292e-05,0.280915435917134,6,0.0638297872340425,0.333333333333333,18,"GO:0022626","CC","cytosolic ribosome","A ribosome located in the cytosol."
"pink",106,94,9,1.59515305700768e-05,0.298692409924688,18,0.191489361702128,0.0994475138121547,181,"GO:1902494","CC","catalytic complex",NA
"pink",106,94,10,3.8449051229468e-05,0.719958484271789,12,0.127659574468085,0.129032258064516,93,"GO:0031966","CC","mitochondrial membrane","Either of the lipid bilayers that surround the mitochondrion and form the mitochondrial envelope."
"purple",75,68,1,3.02721300486963e-11,5.66845635161839e-07,20,0.294117647058824,0.13986013986014,143,"GO:0000981","MF","DNA-binding transcription factor activity, RNA polymerase II-specific","A DNA-binding transcription factor activity that modulates the transcription of specific gene sets transcribed by RNA polymerase II."
"purple",75,68,2,5.11075755621121e-11,9.56989352400549e-07,20,0.294117647058824,0.136054421768707,147,"GO:0003700","MF","DNA-binding transcription factor activity","A transcription regulator activity that modulates transcription of gene sets via selective and non-covalent binding to a specific double-stranded genomic DNA sequence (sometimes referred to as a motif) within a cis-regulatory region. Regulatory regions include promoters (proximal and distal) and enhancers. Genes are transcriptional units, and include bacterial operons."
"purple",75,68,3,1.75990016649487e-10,3.29541306176164e-06,20,0.294117647058824,0.127388535031847,157,"GO:0000977","MF","RNA polymerase II transcription regulatory region sequence-specific DNA binding","Binding to a specific sequence of DNA that is part of a regulatory region that controls the transcription of a gene or cistron by RNA polymerase II."
"purple",75,68,4,1.17035783804706e-09,2.19149505174312e-05,20,0.294117647058824,0.114942528735632,174,"GO:0000976","MF","transcription cis-regulatory region binding","Binding to a specific sequence of DNA that is part of a regulatory region that controls transcription of that section of the DNA. The transcribed region might be described as a gene, cistron, or operon."
"purple",75,68,5,1.29896057992346e-09,2.43230368590669e-05,20,0.294117647058824,0.114285714285714,175,"GO:0001067","MF","transcription regulatory region nucleic acid binding","Binding to a nucleic acid region that regulates a nucleic acid-based process. Such processes include transcription, DNA replication, and DNA repair."
"purple",75,68,6,1.37422001488166e-09,2.57322697786592e-05,21,0.308823529411765,0.107692307692308,195,"GO:0003690","MF","double-stranded DNA binding","Binding to double-stranded DNA."
"purple",75,68,7,1.95676137190225e-09,3.66403566888697e-05,20,0.294117647058824,0.111731843575419,179,"GO:1990837","MF","sequence-specific double-stranded DNA binding",NA
"purple",75,68,8,6.87376337014501e-09,0.000128711219105965,20,0.294117647058824,0.104166666666667,192,"GO:0043565","MF","sequence-specific DNA binding","Binding to DNA of a specific nucleotide composition, e.g. GC-rich DNA binding, or with a specific sequence motif or type of DNA e.g. promotor binding or rDNA binding."
"purple",75,68,9,3.59678181631778e-08,0.000673497395105504,20,0.294117647058824,0.0947867298578199,211,"GO:0140110","MF","transcription regulator activity",NA
"purple",75,68,10,7.50205868627522e-08,0.00140476048900504,16,0.235294117647059,0.115107913669065,139,"GO:0000978","MF","RNA polymerase II cis-regulatory region sequence-specific DNA binding","Binding to a specific upstream regulatory DNA sequence (transcription factor recognition sequence or binding site) located in cis relative to the transcription start site (i.e., on the same strand of DNA) of a gene transcribed by RNA polymerase II."
"red",203,199,1,3.3569338153133e-38,6.28585856917415e-34,88,0.442211055276382,0.294314381270903,299,"GO:0007049","BP","cell cycle","The progression of biochemical and morphological phases and events that occur in a cell during successive cell replication or nuclear replication events. Canonically, the cell cycle comprises the replication and segregation of genetic material followed by the division of the cell, but in endocycles or syncytial cells nuclear replication or nuclear division may not be followed by cell division."
"red",203,199,2,9.04415826551093e-35,1.69351863521692e-30,65,0.326633165829146,0.380116959064327,171,"GO:0005694","CC","chromosome","A structure composed of a very long molecule of DNA and associated proteins (e.g. histones) that carries hereditary information."
"red",203,199,3,6.12059851019375e-34,1.14608207103378e-29,63,0.316582914572864,0.384146341463415,164,"GO:0000278","BP","mitotic cell cycle","Progression through the phases of the mitotic cell cycle, the most common eukaryotic cell cycle, which canonically comprises four successive phases called G1, S, G2, and M and includes replication of the genome and the subsequent segregation of chromosomes into daughter cells. In some variant cell cycles nuclear replication or nuclear division may not be followed by cell division, or G1 and G2 phases may be absent."
"red",203,199,4,1.36014128793987e-32,2.5468645616674e-28,35,0.175879396984925,0.760869565217391,46,"GO:0000775","CC","chromosome, centromeric region","The region of a chromosome that includes the centromeric DNA and associated proteins. In monocentric chromosomes, this region corresponds to a single area of the chromosome, whereas in holocentric chromosomes, it is evenly distributed along the chromosome."
"red",203,199,5,1.03576760452005e-31,1.93947483946378e-27,41,0.206030150753769,0.602941176470588,68,"GO:0007059","BP","chromosome segregation","The process in which genetic material, in the form of chromosomes, is organized into specific structures and then physically separated and apportioned to two or more sets. In eukaryotes, chromosome segregation begins with the condensation of chromosomes, includes chromosome separation, and ends when chromosomes have completed movement to the spindle poles."
"red",203,199,6,1.793661461063e-28,3.35863108584047e-24,34,0.170854271356784,0.666666666666667,51,"GO:0000793","CC","condensed chromosome","A highly compacted molecule of DNA and associated proteins resulting in a cytologically distinct structure."
"red",203,199,7,6.40865526497091e-27,1.2000206983658e-22,49,0.246231155778894,0.398373983739837,123,"GO:0051301","BP","cell division","The process resulting in division and partitioning of components of a cell to form more cells; may or may not be accompanied by the physical separation of a cell into distinct, individually membrane-bounded daughter cells."
"red",203,199,8,1.41228911317573e-26,2.64451136442156e-22,30,0.150753768844221,0.714285714285714,42,"GO:0000819","BP","sister chromatid segregation","The cell cycle process in which sister chromatids are organized and then physically separated and apportioned to two or more sets."
"red",203,199,9,4.52275793075083e-26,8.46886422533092e-22,34,0.170854271356784,0.596491228070175,57,"GO:0140014","BP","mitotic nuclear division",NA
"red",203,199,10,5.17439763273867e-26,9.68905956730317e-22,29,0.14572864321608,0.725,40,"GO:0000070","BP","mitotic sister chromatid segregation","The cell cycle process in which replicated homologous chromosomes are organized and then physically separated and apportioned to two sets during the mitotic cell cycle. Each replicated chromosome, composed of two sister chromatids, aligns at the cell equator, paired with its homologous partner. One homolog of each morphologic type goes into each of the resulting chromosome sets."
"salmon",78,78,1,2.88043471893659e-19,5.39361401120877e-15,29,0.371794871794872,0.204225352112676,142,"GO:0008610","BP","lipid biosynthetic process","The chemical reactions and pathways resulting in the formation of lipids, compounds soluble in an organic solvent but not, or sparingly, in an aqueous solvent."
"salmon",78,78,2,3.01688941696866e-18,5.64912543327381e-14,37,0.474358974358974,0.133093525179856,278,"GO:0006629","BP","lipid metabolic process","The chemical reactions and pathways involving lipids, compounds soluble in an organic solvent but not, or sparingly, in an aqueous solvent. Includes fatty acids; neutral fats, other fatty-acid esters, and soaps; long-chain (fatty) alcohols and waxes; sphingoids and other long-chain bases; glycolipids, phospholipids and sphingolipids; and carotenes, polyprenols, sterols, terpenes and other isoprenoids."
"salmon",78,78,3,3.51390367874708e-15,6.57978463845391e-11,30,0.384615384615385,0.140845070422535,213,"GO:0044255","BP","cellular lipid metabolic process","The chemical reactions and pathways involving lipids, as carried out by individual cells."
"salmon",78,78,4,1.06652655657896e-14,1.9970709771941e-10,29,0.371794871794872,0.141463414634146,205,"GO:0019752","BP","carboxylic acid metabolic process","The chemical reactions and pathways involving carboxylic acids, any organic acid containing one or more carboxyl (COOH) groups or anions (COO-)."
"salmon",78,78,5,4.11999668164104e-14,7.71469378637285e-10,25,0.320512820512821,0.163398692810458,153,"GO:0032787","BP","monocarboxylic acid metabolic process","The chemical reactions and pathways involving monocarboxylic acids, any organic acid containing one carboxyl (COOH) group or anion (COO-)."
"salmon",78,78,6,5.04409223491749e-14,9.445062709883e-10,29,0.371794871794872,0.133640552995392,217,"GO:0006082","BP","organic acid metabolic process","The chemical reactions and pathways involving organic acids, any acidic compound containing carbon in covalent linkage."
"salmon",78,78,7,8.81037893337396e-14,1.64974345527427e-09,11,0.141025641025641,0.611111111111111,18,"GO:0016126","BP","sterol biosynthetic process","The chemical reactions and pathways resulting in the formation of sterols, steroids with one or more hydroxyl groups and a hydrocarbon side-chain in the molecule."
"salmon",78,78,8,2.99204640932287e-13,5.60260690145708e-09,12,0.153846153846154,0.48,25,"GO:0006637","BP","acyl-CoA metabolic process","The chemical reactions and pathways involving acyl-CoA, any derivative of coenzyme A in which the sulfhydryl group is in thiolester linkage with an acyl group."
"salmon",78,78,9,8.99905875822015e-13,1.68507375247672e-08,55,0.705128205128205,0.0613154960981048,897,"GO:0003824","MF","catalytic activity","Catalysis of a biochemical reaction at physiological temperatures. In biologically catalyzed reactions, the reactants are known as substrates, and the catalysts are naturally occurring macromolecular substances known as enzymes. Enzymes possess specific binding sites for substrates, and are usually composed wholly or largely of protein, but RNA that has catalytic activity (ribozyme) is often also regarded as enzymatic."
"salmon",78,78,10,2.24100281143763e-12,4.19627776441696e-08,10,0.128205128205128,0.588235294117647,17,"GO:0006695","BP","cholesterol biosynthetic process","The chemical reactions and pathways resulting in the formation of cholesterol, cholest-5-en-3 beta-ol, the principal sterol of vertebrates and the precursor of many steroids, including bile acids and steroid hormones."
"tan",81,74,1,0.000105138291062786,1,39,0.527027027027027,0.0434782608695652,897,"GO:0003824","MF","catalytic activity","Catalysis of a biochemical reaction at physiological temperatures. In biologically catalyzed reactions, the reactants are known as substrates, and the catalysts are naturally occurring macromolecular substances known as enzymes. Enzymes possess specific binding sites for substrates, and are usually composed wholly or largely of protein, but RNA that has catalytic activity (ribozyme) is often also regarded as enzymatic."
"tan",81,74,2,0.00178167743258299,1,3,0.0405405405405405,0.3,10,"GO:0030134","CC","COPII-coated ER to Golgi transport vesicle","A vesicle with a coat formed of the COPII coat complex proteins. The COPII coat complex is formed by the Sec23p/Sec24p and the Sec13p/Sec31p heterodimers. COPII-associated vesicles transport proteins from the rough endoplasmic reticulum to the Golgi apparatus (anterograde transport)."
"tan",81,74,3,0.00180145350344058,1,16,0.216216216216216,0.0569395017793594,281,"GO:0005794","CC","Golgi apparatus","A membrane-bound cytoplasmic organelle of the endomembrane system that further processes the core oligosaccharides (e.g. N-glycans) added to proteins in the endoplasmic reticulum and packages them into membrane-bound vesicles. The Golgi apparatus operates at the intersection of the secretory, lysosomal, and endocytic pathways."
"tan",81,74,4,0.00197185330759799,1,2,0.027027027027027,0.666666666666667,3,"GO:0048490","BP","anterograde synaptic vesicle transport","The directed movement of synaptic vesicle along axonal microtubules from the cell body to the presynapse."
"tan",81,74,5,0.00206294809358708,1,12,0.162162162162162,0.0662983425414365,181,"GO:1902494","CC","catalytic complex",NA
"tan",81,74,6,0.00216867376460692,1,4,0.0540540540540541,0.181818181818182,22,"GO:0071453","BP","cellular response to oxygen levels","Any process that results in a change in state or activity of a cell (in terms of movement, secretion, enzyme production, gene expression, etc.) as a result of a stimulus reflecting the presence, absence, or concentration of oxygen."
"tan",81,74,7,0.00292075175846576,1,13,0.175675675675676,0.0607476635514019,214,"GO:0046907","BP","intracellular transport","The directed movement of substances within a cell."
"tan",81,74,8,0.00314598334583815,1,3,0.0405405405405405,0.25,12,"GO:0032365","BP","intracellular lipid transport","The directed movement of lipids within cells."
"tan",81,74,9,0.00371970437486703,1,30,0.405405405405405,0.0407608695652174,736,"GO:0012505","CC","endomembrane system","A collection of membranous structures involved in transport within the cell. The main components of the endomembrane system are endoplasmic reticulum, Golgi bodies, vesicles, cell membrane and nuclear envelope. Members of the endomembrane system pass materials through each other or though the use of vesicles."
"tan",81,74,10,0.00376211828046461,1,5,0.0675675675675676,0.121951219512195,41,"GO:0005802","CC","trans-Golgi network","The network of interconnected tubular and cisternal structures located within the Golgi apparatus on the side distal to the endoplasmic reticulum, from which secretory vesicles emerge. The trans-Golgi network is important in the later stages of protein secretion where it is thought to play a key role in the sorting and targeting of secreted proteins to the correct destination."
"turquoise",529,506,1,0.000143740301068431,1,9,0.0177865612648221,0.642857142857143,14,"GO:0000956","BP","nuclear-transcribed mRNA catabolic process","The chemical reactions and pathways resulting in the breakdown of nuclear-transcribed mRNAs in eukaryotic cells."
"turquoise",529,506,2,0.000180631303060313,1,37,0.0731225296442688,0.313559322033898,118,"GO:0008134","MF","transcription factor binding","Binding to a transcription factor, a protein required to initiate or regulate transcription."
"turquoise",529,506,3,0.000225125258381369,1,25,0.0494071146245059,0.357142857142857,70,"GO:0003712","MF","transcription coregulator activity","A transcription regulator activity that modulates the transcription of specific gene sets via binding to a DNA-bound DNA-binding transcription factor, either on its own or as part of a complex. Coregulators often act by altering chromatin structure and modifications. For example, one class of transcription coregulators modifies chromatin structure through covalent modification of histones. A second class remodels the conformation of chromatin in an ATP-dependent fashion. A third class modulates interactions of DNA-bound DNA-binding transcription factors with other transcription coregulators."
"turquoise",529,506,4,0.000270150061097791,1,72,0.142292490118577,0.258064516129032,279,"GO:0010557","BP","positive regulation of macromolecule biosynthetic process","Any process that increases the rate, frequency or extent of the chemical reactions and pathways resulting in the formation of a macromolecule, any molecule of high relative molecular mass, the structure of which essentially comprises the multiple repetition of units derived, actually or conceptually, from molecules of low relative molecular mass."
"turquoise",529,506,5,0.000309795292764757,1,15,0.0296442687747036,0.441176470588235,34,"GO:0007606","BP","sensory perception of chemical stimulus","The series of events required for an organism to receive a sensory chemical stimulus, convert it to a molecular signal, and recognize and characterize the signal. This is a neurological process."
"turquoise",529,506,6,0.000376796993517764,1,64,0.126482213438735,0.262295081967213,244,"GO:0045893","BP","positive regulation of transcription, DNA-templated","Any process that activates or increases the frequency, rate or extent of cellular DNA-templated transcription."
"turquoise",529,506,7,0.000376796993517764,1,64,0.126482213438735,0.262295081967213,244,"GO:1902680","BP","positive regulation of RNA biosynthetic process",NA
"turquoise",529,506,8,0.000376796993517764,1,64,0.126482213438735,0.262295081967213,244,"GO:1903508","BP","positive regulation of nucleic acid-templated transcription",NA
"turquoise",529,506,9,0.000426560759610784,1,13,0.0256916996047431,0.464285714285714,28,"GO:0007608","BP","sensory perception of smell","The series of events required for an organism to receive an olfactory stimulus, convert it to a molecular signal, and recognize and characterize the signal. Olfaction involves the detection of chemical composition of an organism's ambient medium by chemoreceptors. This is a neurological process."
"turquoise",529,506,10,0.000479994401393481,1,228,0.450592885375494,0.208600182982617,1093,"GO:0044260","BP","cellular macromolecule metabolic process","The chemical reactions and pathways involving macromolecules, any molecule of high relative molecular mass, the structure of which essentially comprises the multiple repetition of units derived, actually or conceptually, from molecules of low relative molecular mass, as carried out by individual cells."
"yellow",199,143,1,0.000108576995230805,1,5,0.034965034965035,0.454545454545455,11,"GO:0030666","CC","endocytic vesicle membrane","The lipid bilayer surrounding an endocytic vesicle."
"yellow",199,143,2,0.00012473011636114,1,3,0.020979020979021,1,3,"GO:0016151","MF","nickel cation binding","Binding to a nickel (Ni) cation."
"yellow",199,143,3,0.000178632049510594,1,5,0.034965034965035,0.416666666666667,12,"GO:0006900","BP","vesicle budding from membrane","The evagination of a membrane, resulting in formation of a vesicle."
"yellow",199,143,4,0.00036695968046832,1,4,0.027972027972028,0.5,8,"GO:0003156","BP","regulation of animal organ formation","Any process that modulates the rate, frequency or extent of animal organ formation. Organ formation is the process pertaining to the initial formation of an organ from unspecified parts. The process begins with the specific processes that contribute to the appearance of the discrete structure, such as inductive events, and ends when the structural rudiment of the organ is recognizable, such as a condensation of mesenchymal cells into the organ rudiment."
"yellow",199,143,5,0.00115687741388462,1,3,0.020979020979021,0.6,5,"GO:0019883","BP","antigen processing and presentation of endogenous antigen","The process in which an antigen-presenting cell expresses antigen (peptide or lipid) of endogenous origin on its cell surface in association with an MHC protein complex."
"yellow",199,143,6,0.00115687741388462,1,3,0.020979020979021,0.6,5,"GO:0019885","BP","antigen processing and presentation of endogenous peptide antigen via MHC class I","The process in which an antigen-presenting cell expresses a peptide antigen of endogenous origin on its cell surface in association with an MHC class I protein complex. The peptide antigen is typically, but not always, processed from a whole protein. Class I here refers to classical class I molecules."
"yellow",199,143,7,0.00158746676664781,1,10,0.0699300699300699,0.149253731343284,67,"GO:0005996","BP","monosaccharide metabolic process","The chemical reactions and pathways involving monosaccharides, the simplest carbohydrates. They are polyhydric alcohols containing either an aldehyde or a keto group and between three to ten or more carbon atoms. They form the constitutional repeating units of oligo- and polysaccharides."
"yellow",199,143,8,0.00222860349053446,1,3,0.020979020979021,0.5,6,"GO:0001759","BP","organ induction","The interaction of two or more cells or tissues that causes them to change their fates and specify the development of an organ."
"yellow",199,143,9,0.00222860349053446,1,3,0.020979020979021,0.5,6,"GO:0048821","BP","erythrocyte development","The process whose specific outcome is the progression of an erythrocyte over time, from its formation to the mature structure."
"yellow",199,143,10,0.00238380128122499,1,7,0.048951048951049,0.184210526315789,38,"GO:0051054","BP","positive regulation of DNA metabolic process","Any process that activates or increases the frequency, rate or extent of the chemical reactions and pathways involving DNA."
